9,Delphine,Completed,ex hic consequuntur earum omnis alias ut occaecati culpa
9,Delphine,Completed,omnis laboriosam molestias animi sunt dolore
9,Delphine,Not Completed,natus corrupti maxime laudantium et voluptatem laboriosam odit
9,Delphine,Not Completed,reprehenderit quos aut aut consequatur est sed
9,Delphine,Not Completed,fugiat perferendis sed aut quidem
9,Delphine,Not Completed,quos quo possimus suscipit minima ut
9,Delphine,Not Completed,et quis minus quo a asperiores molestiae
9,Delphine,Not Completed,recusandae quia qui sunt libero
9,Delphine,Completed,ea odio perferendis officiis
9,Delphine,Not Completed,quisquam aliquam quia doloribus aut
9,Delphine,Completed,fugiat aut voluptatibus corrupti deleniti velit iste odio
9,Delphine,Not Completed,et provident amet rerum consectetur et voluptatum
9,Delphine,Not Completed,harum ad aperiam quis
9,Delphine,Not Completed,similique aut quo
9,Delphine,Completed,laudantium eius officia perferendis provident perspiciatis asperiores
9,Delphine,Not Completed,magni soluta corrupti ut maiores rem quidem
9,Delphine,Not Completed,et placeat temporibus voluptas est tempora quos quibusdam
9,Delphine,Completed,nesciunt itaque commodi tempore
9,Delphine,Completed,omnis consequuntur cupiditate impedit itaque ipsam quo
9,Delphine,Completed,debitis nisi et dolorem repellat et
